season,team,games,total_gds,off_xvoa,def_xvoa,st_val,gds_per_game,off_xvoa_per_game,def_xvoa_per_game,made_playoffs,playoff_wins,won_super_bowl,reg_wins,reg_games,win_pct,offense_share,opp_avg_gds,avg_start_yardline
2018,ARI,16,-156.3870959283668,-98.8621746815818,-57.798791854623026,0.27387060783803463,-9.774193495522924,-6.178885917598863,-3.612424490913939,False,0,False,3,16,0.1875,-0.6304142670792542,0.4480870745794975,72.30769
2018,ATL,16,1.834146913295152,129.93795776985323,-126.62884832310645,-1.4749625334516168,0.114634182080947,8.121122360615827,-7.914303020194153,False,0,False,7,16,0.4375,0.5061331917275644,-0.08813282271081746,73.72891
2018,BAL,16,78.12907086689853,56.42619729918152,21.39441521153026,0.30845835618674755,4.883066929181158,3.526637331198845,1.3371509507206412,True,0,False,10,16,0.625,0.7235926403044161,0.5318927398726396,70.851425
2018,BUF,16,-45.87528060587611,-52.43023294796315,6.704619299644237,-0.14966695755720139,-2.8672050378672567,-3.2768895592476968,0.4190387062277648,False,0,False,6,16,0.375,-0.8842290849974885,0.06430459366148872,70.6911
2018,CAR,16,1.9992064583891906,83.75090442497992,-82.1971635220053,0.44546555541455746,0.12495040364932442,5.234431526561245,-5.137322720125331,False,0,False,7,16,0.4375,0.5041952835891735,0.7547775073949697,72.13856
2018,CHI,16,87.48389665581549,50.094802155069665,37.64254946814774,-0.25345496740192175,5.467743540988468,3.130925134691854,2.352659341759234,True,0,False,12,16,0.75,0.5699239081719671,-0.8688941206215259,69.82081
2018,CIN,16,-83.55567175936618,48.91166789394022,-133.98179450609604,1.5144548527896404,-5.222229484960386,3.0569792433712637,-8.373862156631002,False,0,False,6,16,0.375,0.26719881313717525,1.230318623534136,71.006096
2018,CLE,16,-7.66797207331499,15.51087497977173,-22.87111511360701,-0.30773193947970867,-0.4792482545821869,0.9694296862357331,-1.4294446946004382,False,0,False,7,16,0.4375,0.40244094667120983,0.7168379301447627,71.45408
2018,DAL,16,12.825439680981939,35.50399239438981,-22.42081491851687,-0.2577377948909998,0.8015899800613712,2.2189995246493632,-1.4013009324073045,True,1,False,10,16,0.625,0.6112440418908075,-0.1187258147676743,72.2236
2018,DEN,16,-13.404118552516163,9.927124625880353,-21.643689011744254,-1.6875541666522622,-0.8377574095322602,0.6204452891175221,-1.3527305632340159,False,0,False,6,16,0.375,0.31285439885819155,0.02587848448583041,72.58659
2018,DET,16,-22.98503579068861,28.337420544891295,-50.52497966487512,-0.797476670704782,-1.436564736918038,1.771088784055706,-3.157811229054695,False,0,False,6,16,0.375,0.3585998459888474,-0.03723206320568884,72.97059
2018,GB,16,2.689348556171087,60.988451770123405,-57.278224105493564,-1.0208791084587574,0.16808428476069293,3.811778235632713,-3.5798890065933477,False,0,False,6,16,0.375,0.5149891383777361,-0.5558105558708251,73.49143
2018,HOU,16,25.24524330361108,30.092848438196945,-7.283696017453437,2.4360908828675747,1.5778277064756925,1.880803027387309,-0.4552310010908398,True,0,False,11,16,0.6875,0.8016946917890058,-0.7940150522416991,69.17978
2018,IND,16,101.93925135505908,116.52905924147208,-14.614879041692866,0.0250711552798748,6.371203209691193,7.283066202592005,-0.9134299401058041,True,1,False,10,16,0.625,0.8874757358013898,-1.9550795190746753,70.118645
2018,JAX,16,-64.36604485113935,-69.36350127490789,6.421037463301558,-1.423581039533019,-4.022877803196209,-4.335218829681743,0.4013148414563474,False,0,False,5,16,0.3125,-0.9133441644041419,0.2852967788010138,73.519775
2018,KC,16,80.3040805566776,219.48748792535767,-140.004045989906,0.8206386212259531,5.01900503479235,13.717967995334854,-8.750252874369124,True,1,False,12,16,0.75,0.6102781921599434,-0.10393182150809244,69.85276
2018,LA,16,84.13244507526808,159.43869289491033,-76.43820141112312,1.1319535914808512,5.258277817204255,9.964918305931896,-4.777387588195195,True,2,False,13,16,0.8125,0.675482082424751,0.26003772874035325,69.222855
2018,LAC,16,93.45240507223907,112.25596971513725,-17.60809503623043,-1.195469606667757,5.840775317014942,7.015998107196078,-1.100505939764402,True,1,False,12,16,0.75,0.8633476420675924,-0.26158776917257115,72.065865
2018,LV,16,-140.99461934232357,-13.399200408492849,-127.27474203617828,-0.3206768976524472,-8.812163708895223,-0.837450025530803,-7.954671377261143,False,0,False,4,16,0.25,-0.09514183992794877,0.7483839625408999,73.1686
2018,MIA,16,-118.098663199108,-31.259673669735765,-87.2685359097878,0.4295463804155588,-7.38116644994425,-1.9537296043584853,-5.4542834943617375,False,0,False,7,16,0.4375,-0.26337640259701733,-1.2690846182527584,70.891426
2018,MIN,16,21.174757469920422,1.910943078982525,17.889088050763227,1.374726340174675,1.3234223418700264,0.11943394243640781,1.1180680031727017,False,0,False,8,16,0.5,0.09573848189719061,0.1891011535614769,69.61828
2018,NE,16,66.91381870677021,86.04692219622315,-19.05249196621213,-0.08061152324080467,4.182113669173138,5.377932637263947,-1.1907807478882582,True,3,True,11,16,0.6875,0.8174748347300926,-0.5029174520177949,71.10919
2018,NO,16,122.07439179382123,211.86596317358033,-89.98534700379585,0.19377562403678894,7.629649487113827,13.24162269834877,-5.624084187737241,True,1,False,13,16,0.8125,0.7015166519728946,0.4870935633129376,68.729034
2018,NYG,16,-52.806529018296516,53.736729214408406,-104.93836471595577,-1.6048935167491436,-3.3004080636435322,3.3585455759005254,-6.558647794747236,False,0,False,5,16,0.3125,0.33831773498347567,0.13981376522353606,73.06977
2018,NYJ,16,-89.48072503400998,-27.980610317896712,-61.677184791759316,0.17707007564604282,-5.592545314625624,-1.7487881448685445,-3.8548240494849573,False,0,False,4,16,0.25,-0.3115263549248339,-0.5520250848240685,70.59375
2018,PHI,16,-5.889296575569336,47.72010752462997,-53.13620749684152,-0.4731966033577919,-0.3680810359730835,2.982506720289373,-3.321012968552595,True,1,False,9,16,0.5625,0.47240000305383184,0.19060187877081747,70.68
2018,PIT,16,65.7903793709774,104.79413554267418,-37.90796279595137,-1.0957933757454157,4.111898710686088,6.5496334714171365,-2.3692476747469606,False,0,False,9,16,0.5625,0.7335335037168571,0.6978277976586623,74.14451
2018,SEA,16,74.91646979320771,100.05456990402155,-23.56773538783179,-1.570364722982049,4.682279362075482,6.253410619001347,-1.4729834617394868,True,0,False,10,16,0.625,0.8083107651623821,-0.11852745525213743,72.41477
2018,SF,16,-40.901714113901384,32.743352863578636,-74.36470423173306,0.7196372542530298,-2.5563571321188365,2.0464595539736647,-4.647794014483316,False,0,False,4,16,0.25,0.3052479344758239,-0.018260189710180397,74.385056
2018,TB,16,-21.68653741013822,95.22558139758095,-116.87599888192963,-0.036119925789535046,-1.3554085881336388,5.95159883734881,-7.304749930120602,False,0,False,5,16,0.3125,0.4486237277239992,0.8404911345740638,73.681564
2018,TEN,16,23.04339880096102,5.0412676178015,17.037741985631158,0.9643891975283623,1.4402124250600636,0.31507922611259376,1.0648588741019474,False,0,False,9,16,0.5625,0.22668579706100603,0.010957035171741125,72.43827
2018,WAS,16,-82.97374561148932,-28.01896598042341,-54.7645030502032,-0.19027658086270094,-5.1858591007180825,-1.751185373776463,-3.4227814406377,False,0,False,7,16,0.4375,-0.33780798305020854,-0.5728086275508315,71.8
2019,ARI,16,-52.65539860046317,57.77965342014382,-110.20352164901928,-0.2315303715877235,-3.2909624125289483,3.611228338758989,-6.887720103063705,False,0,False,5,16,0.3125,0.34363365266759743,0.5206318932404397,72.65896
2019,ATL,16,-33.61317191758166,67.17310660084941,-102.87794737010466,2.091668851673603,-2.1008232448488537,4.198319162553088,-6.4298717106315415,False,0,False,7,16,0.4375,0.3946459705978454,0.8291669445951421,70.88024
2019,BAL,16,194.50910333958387,193.22037129092604,0.7940070392313565,0.49472500942647457,12.156818958723992,12.076273205682877,0.04962543995195978,True,0,False,14,16,0.875,0.9950868541594646,-0.06340157361380744,70.822784
2019,BUF,16,40.136339262745864,-22.000133722143644,62.40576168310082,-0.2692886982113123,2.5085212039216165,-1.3750083576339778,3.9003601051938013,True,0,False,10,16,0.625,-0.2601537371149183,-0.6423720905270256,71.21229
2019,CAR,16,-75.80892564542707,13.707340558349156,-90.62436966906509,1.1081034652888775,-4.738057852839192,0.8567087848968222,-5.664023104316568,False,0,False,5,16,0.3125,0.1311811293787488,0.2599919586277907,71.03665
2019,CHI,16,-24.100310903267566,-40.27296992700064,16.148405356400836,0.024253667332232,-1.5062694314542229,-2.51706062043754,1.0092753347750523,False,0,False,8,16,0.5,-0.7117707854445698,0.3191373825416087,71.790695
2019,CIN,16,-102.73564593486034,-23.48134540070474,-79.15411867516899,-0.10018185898661613,-6.4209778709287715,-1.4675840875440462,-4.947132417198062,False,0,False,2,16,0.125,-0.22842783591475466,0.22536811770196147,72.27119
2019,CLE,16,-46.31216938497749,18.719920905815666,-65.15097345073607,0.11888315994292498,-2.894510586561093,1.1699950566134791,-4.071935840671005,False,0,False,6,16,0.375,0.22277426712115087,0.7574816541469538,71.231636
2019,DAL,16,110.76702611613764,133.01129831655734,-21.10721769745567,-1.1370545029640198,6.922939132258603,8.313206144784834,-1.3192011060909794,False,0,False,8,16,0.5,0.8621504908983959,-0.7242462919771688,73.68823
2019,DEN,16,-17.103097122177818,-14.625514723395156,-1.7056257966712036,-0.7719566021114588,-1.0689435701361136,-0.9140946702121973,-0.10660161229195023,False,0,False,7,16,0.4375,-0.8868710266338998,-0.011071773365281201,72.92216
2019,DET,16,-98.9267410647683,7.462268864637954,-105.63785136878005,-0.7511585606262088,-6.182921316548018,0.4663918040398721,-6.602365710548753,False,0,False,3,16,0.1875,0.06588611109770103,0.17359867193666048,71.48876
2019,GB,16,46.08623367286297,68.85014213653595,-20.774384359971872,-1.9895241037011147,2.8803896045539354,4.303133883533497,-1.298399022498242,True,1,False,13,16,0.8125,0.7668375033332039,-0.2960999256318153,72.110466
2019,HOU,16,-24.156966273128795,82.69478481290673,-106.50657810150997,-0.34517298452556133,-1.5098103920705497,5.168424050806671,-6.656661131344373,True,1,False,10,16,0.625,0.4367035784923098,1.1049865245368342,71.335365
2019,IND,16,6.222232288998246,54.280875987031855,-46.71723667093806,-1.3414070270955563,0.38888951806239036,3.392554749189491,-2.9198272919336286,False,0,False,7,16,0.4375,0.5365943922912371,-0.9626314625441045,72.13837
2019,JAX,16,-61.100216417644475,13.865172756302378,-73.5806910232674,-1.384698150679469,-3.8187635261027797,0.8665732972688986,-4.598793188954213,False,0,False,6,16,0.375,0.1582676336733503,-0.672620685024978,74.91329
2019,KC,16,96.92618833865706,128.7019476156609,-31.850902474555227,0.07514319755136967,6.057886771166066,8.043871725978807,-1.9906814046597017,True,3,True,12,16,0.75,0.8008192720334067,0.7868486774085041,71.128204
2019,LA,16,51.66658705780195,65.7134546571218,-12.623300063964159,-1.4235675353556871,3.2291616911126217,4.107090916070113,-0.7889562539977599,False,0,False,9,16,0.5625,0.8371486807399151,1.1651406940425009,71.843575
2019,LAC,16,32.16275600892915,64.48166358959239,-31.1310324774578,-1.1878751032054424,2.010172250558072,4.030103974349524,-1.9456895298411125,False,0,False,5,16,0.3125,0.6732781495933764,-0.8731407981010354,73.68355
2019,LV,16,-97.74257329008746,28.66754802875552,-126.11882460951409,-0.29129670932888985,-6.1089108306304665,1.79172175179722,-7.882426538094631,False,0,False,7,16,0.4375,0.18501593513054615,-0.3219147894200736,73.01863
2019,MIA,16,-145.4873654052057,-7.64892355611214,-139.09163496304643,1.2531931139528751,-9.092960337825357,-0.47805772225700877,-8.693227185190402,False,0,False,5,16,0.3125,-0.05206871664218062,0.16576124092471867,72.254234
2019,MIN,16,68.61880285132119,93.39197605739945,-23.66976514604165,-1.1034080600365996,4.2886751782075745,5.836998503587465,-1.4793603216276032,True,1,False,10,16,0.625,0.7967120697799179,-0.6050399581556747,70.50299
2019,NE,16,106.07414972084042,12.325844426840678,91.51439092987044,2.233914364129305,6.6296343575525265,0.7703652766775424,5.719649433116903,True,0,False,12,16,0.75,0.11851746666307225,-0.7380419248606989,67.40761
2019,NO,16,55.46295987024635,108.62598518439265,-53.73929742180707,0.5762721076607704,3.466434991890397,6.78912407402454,-3.358706088862942,True,0,False,13,16,0.8125,0.6683636136021645,0.39260023615233774,68.75595
2019,NYG,16,-74.95810534733687,14.478604864446206,-89.37768915049675,-0.05902106128633022,-4.684881584208554,0.9049128040278879,-5.586105571906047,False,0,False,4,16,0.25,0.1391955462513038,-0.4179847575288562,73.02186
2019,NYJ,16,-59.43324251184237,-51.086003931191335,-7.867182511791045,-0.4800560688599944,-3.7145776569901483,-3.1928752456994585,-0.4916989069869403,False,0,False,7,16,0.4375,-0.8642065671838945,-1.0059218768672287,73.318436
2019,PHI,16,33.63765676208546,57.41307063300826,-24.151164455450647,0.37575058452785015,2.1023535476303414,3.5883169145630163,-1.5094477784656655,True,0,False,9,16,0.5625,0.7025219700235058,-0.9514395485077678,71.41758
2019,PIT,16,-18.385532642890595,-62.48057290886551,44.826503994447506,-0.7314637284725904,-1.1490957901806622,-3.9050358068040945,2.801656499652969,False,0,False,8,16,0.5,-0.5813926898288917,0.6905792635244539,71.146065
2019,SEA,16,9.25554152354276,64.68063427094715,-55.01764311824661,-0.4074496291577816,0.5784713452214225,4.042539641934197,-3.438602694890413,True,1,False,11,16,0.6875,0.5396426152607017,1.4142980294965888,70.52198
2019,SF,16,103.99898558409268,93.20800721000707,9.041517688087412,1.7494606859982014,6.4999365990057925,5.825500450625442,0.5650948555054632,True,2,False,13,16,0.8125,0.9101497863871194,0.2661342961552053,67.82123
2019,TB,16,47.084822202092475,91.88652655329199,-41.821710857903305,-2.979993493296206,2.9428013876307797,5.742907909580749,-2.6138569286189566,False,0,False,7,16,0.4375,0.6863952818848992,-0.6535246507581041,72.71875
2019,TEN,16,44.26124111887909,68.16343851562685,-23.35643863341956,-0.5457587633281946,2.766327569929943,4.260214907226678,-1.4597774145887226,True,2,False,9,16,0.5625,0.7434939992863618,-0.4630430362483532,72.431816
2019,WAS,16,-121.18765365403337,-23.927359137696513,-97.85429892479324,0.5940044084563851,-7.5742283533770856,-1.495459946106032,-6.115893682799578,False,0,False,3,16,0.1875,-0.19621972931871068,-0.09651109170446914,72.080925
2020,ARI,16,45.028866022093844,93.17382871827252,-47.77357019466055,-0.3713925015181303,2.8143041263808652,5.823364294892032,-2.9858481371662844,False,0,False,8,16,0.5,0.660304345739965,-0.3880843837613621,71.244316
2020,ATL,16,-31.431211258690887,93.5747198898995,-123.90759527898008,-1.0983358696103096,-1.9644507036681804,5.848419993118719,-7.744224704936255,False,0,False,4,16,0.25,0.4299472729707465,1.1401448250051418,72.1131
2020,BAL,16,90.77534851765421,114.66100085769293,-23.86200261025042,-0.023649729788303375,5.673459282353388,7.166312553605808,-1.4913751631406513,True,1,False,11,16,0.6875,0.8267848113355641,-0.8958717504777389,67.72781
2020,BUF,16,75.30286781145045,170.31934092298255,-96.26066346915756,1.2441903576254845,4.706429238215653,10.64495880768641,-6.016291466822348,True,2,False,13,16,0.8125,0.6385219244151787,-0.05710789688759399,69.46835
2020,CAR,16,-59.75595274050218,75.06512662030013,-135.4327163589342,0.6116369981318712,-3.7347470462813863,4.691570413768758,-8.464544772433387,False,0,False,5,16,0.3125,0.3563367285959522,1.536227451982418,71.26115
2020,CHI,16,-14.794060124611248,44.056420243987546,-60.7425963396723,1.8921159710735083,-0.924628757788203,2.7535262652492216,-3.796412271229519,True,0,False,8,16,0.5,0.41974879031828033,0.19068430843353235,69.72254
2020,CIN,16,-98.13273385660365,7.125062653856789,-105.42028404899186,0.16248753853142262,-6.133295866037728,0.4453164158660493,-6.588767753061991,False,0,False,4,16,0.25,0.06321849727894677,-0.09895532277718244,72.09884
2020,CLE,16,5.618320547040769,113.12019128389466,-106.02270282469848,-1.4791679121553898,0.35114503419004806,7.070011955243416,-6.626418926543655,True,1,False,11,16,0.6875,0.5158171384089462,-1.5000801560110415,72.70625
2020,DAL,16,-53.6019198177182,65.8091778467214,-119.92469331441215,0.513595649972558,-3.3501199886073874,4.113073615420087,-7.4952933321507595,False,0,False,6,16,0.375,0.3540147797001749,-0.11756852065672563,71.54857
2020,DEN,16,-54.13364310480484,20.3203083700395,-73.0560303205688,-1.3979211542755365,-3.3833526940503025,1.2700192731274687,-4.56600189503555,False,0,False,5,16,0.3125,0.2172450691837888,0.5840863632551119,73.55191
2020,DET,16,-125.63153053397353,88.68730147098124,-214.76610711826916,0.4472751133143902,-7.851970658373346,5.5429563419363275,-13.422881694891823,False,0,False,5,16,0.3125,0.2921060103474009,0.8347633962316517,71.26035
2020,GB,16,142.96066048252393,224.5797247318228,-79.768744802303,-1.8503194469958544,8.935041280157746,14.036232795738925,-4.985546550143938,True,1,False,13,16,0.8125,0.7375155281408502,-0.6269884888015069,71.90196
2020,HOU,16,-48.305484853348595,118.08534398484792,-166.14076803773358,-0.2500608004629612,-3.019092803334287,7.380333999052995,-10.383798002358349,False,0,False,4,16,0.25,0.41522894048873743,-0.3943289556509667,73.46541
2020,IND,16,48.44472166050571,101.97462536642864,-54.03997382777002,0.5100701218470931,3.0277951037816067,6.37341408540179,-3.377498364235626,True,0,False,11,16,0.6875,0.6529526945647934,-1.7569958088429907,69.333336
2020,JAX,16,-145.16447775606647,15.468980220465793,-160.5184350359711,-0.11502294056117535,-9.072779859754155,0.9668112637791121,-10.032402189748193,False,0,False,1,16,0.0625,0.08781837756714127,0.021284486505620537,73.38461
2020,KC,16,83.25792253887148,178.23052185315046,-93.92695421887102,-1.0456450954079628,5.203620158679468,11.139407615821904,-5.870434638679439,True,2,False,14,16,0.875,0.6544953501479013,-0.18868663386240458,72.57962
2020,LA,16,95.97330576135668,37.83215428970682,59.74257213355007,-1.6014206619001925,5.998331610084793,2.3645096431066763,3.7339107583468794,True,1,False,10,16,0.625,0.38709019479799056,0.5966619242498293,72.90961
2020,LAC,16,-5.807506731770877,78.30497786765164,-83.58301688074678,-0.5294677186757326,-0.3629691707356798,4.894061116728228,-5.223938555046674,False,0,False,7,16,0.4375,0.48322090001317686,-1.0259910200510016,73.11696
2020,LV,16,-28.139603444235835,140.81491534226623,-170.12620772129017,1.1716889347881079,-1.7587252152647397,8.80093220889164,-10.632887982580636,False,0,False,8,16,0.5,0.4526339023003091,0.3118337140856502,70.242424
2020,MIA,16,34.58117394678824,54.112341972045925,-19.610827312144146,0.07965928688645363,2.161323371674265,3.3820213732528703,-1.225676707009009,False,0,False,10,16,0.625,0.7324041794133644,-1.2888714752028383,70.25989
2020,MIN,16,6.693394925431836,145.56067954644547,-135.35346957891653,-3.5138150420971215,0.41833718283948973,9.097542471652842,-8.459591848682283,False,0,False,7,16,0.4375,0.5178728815844388,-0.0025652979172207657,73.90752
2020,NE,16,-56.91796016411971,39.56661419991592,-96.47788547305694,-0.006688890978693962,-3.557372510257482,2.472913387494745,-6.029867842066059,False,0,False,7,16,0.4375,0.290494178202008,0.2993242428137617,71.95364
2020,NO,16,97.56520290751543,143.34450013048118,-47.23803392017762,1.4587366972118616,6.097825181719714,8.959031258155074,-2.9523771200111013,True,1,False,12,16,0.75,0.7515077895128032,0.5453736142926997,67.81035
2020,NYG,16,-79.40545719825076,-18.04351890215907,-61.96830443499697,0.6063661389052868,-4.962841074890672,-1.127719931384942,-3.873019027187311,False,0,False,6,16,0.375,-0.2250606029786616,0.523038967418521,71.37342
2020,NYJ,16,-173.83033083137892,-45.65925438206452,-127.27563212693696,-0.8954443223774433,-10.864395676961182,-2.8537033988790323,-7.95472700793356,False,0,False,2,16,0.125,-0.263781647759364,0.8269365363696443,73.25862
2020,PHI,16,-53.55729930427705,-3.4285222662880326,-49.92681788900835,-0.20195914898067713,-3.3473312065173157,-0.21428264164300204,-3.1204261180630217,False,0,False,4,16,0.25,-0.06406615853209173,0.9919710253926924,72.85561
2020,PIT,16,76.23721072666072,51.54480237513005,23.482186833699586,1.2102215178310871,4.764825670416295,3.221550148445628,1.4676366771062241,True,0,False,12,16,0.75,0.6855548136389115,-0.8712762779581158,68.94444
2020,SEA,16,42.81717127743495,132.8646439382535,-90.47218468311934,0.4247120223008096,2.6760732048396845,8.304040246140843,-5.654511542694959,True,0,False,12,16,0.75,0.5944811152704998,0.2935674615460986,69.15294
2020,SF,16,31.579857375481456,74.1417811777037,-40.9055139481529,-1.6564098540693521,1.973741085967591,4.633861323606482,-2.5565946217595563,False,0,False,6,16,0.375,0.6435510971480456,1.448559380602496,72.994415
2020,TB,16,117.16476735318415,160.23716005585462,-43.62599317041196,0.5536004677414894,7.322797959574009,10.014822503490914,-2.7266245731507475,True,4,True,11,16,0.6875,0.7853871363224534,0.6231430659194561,68.84571
2020,TEN,16,17.895949157203685,182.59678331394463,-165.93218146244112,1.231347305700183,1.1184968223252303,11.41229895712154,-10.37076134140257,True,0,False,11,16,0.6875,0.5236666535490847,-0.6992540966963398,71.70625
2020,WAS,16,13.40301746653573,6.132688344201274,6.660725396960715,0.609603725373745,0.8376885916584831,0.3832930215125796,0.4162953373100447,True,0,False,7,16,0.4375,0.47344186380100445,-1.0618130062130091,71.644066
2021,ARI,17,85.0680417750815,118.31577392828197,-33.02443295534786,-0.22329919785261154,5.0040024573577355,6.9597514075459985,-1.9426137032557567,True,0,False,11,17,0.6470588235294118,0.7809095925738954,0.16795040289320753,70.5625
2021,ATL,17,-125.67878855674554,10.374412283030033,-134.8539816418094,-1.1992191979661584,-7.392869915102679,0.6102595460605902,-7.932587155400554,False,0,False,7,17,0.4117647058823529,0.07135162915480937,-0.20312291244514047,71.89081
2021,BAL,17,2.57948873884009,64.75800545747781,-59.78058037216268,-2.397936346475035,0.15173463169647589,3.809294438675165,-3.5165047277742754,False,0,False,8,17,0.47058823529411764,0.5192746355566984,0.26237559641327907,73.01053
2021,BUF,17,153.66766905848692,127.02191536599564,25.250745655624485,1.395008036866784,9.03927465049923,7.471877374470331,1.4853379797426167,True,1,False,11,17,0.6470588235294118,0.8332438866832743,-1.042732169464909,68.083336
2021,CAR,17,-53.966025811596,-35.2454822869998,-19.2494556404383,0.528912115842104,-3.1744721065644703,-2.073263663941165,-1.1323209200257822,False,0,False,5,17,0.29411764705882354,-0.6447548213405903,-0.14814060699595183,72.46316
2021,CHI,17,-70.02601474389502,-3.209949783451721,-66.69857384136773,-0.11749111907556653,-4.119177337876177,-0.18882057549716008,-3.9234455200804548,False,0,False,6,17,0.35294117647058826,-0.04580504293493513,0.06090386719197857,71.58757
2021,CIN,17,89.49022235278765,113.0246395710264,-24.753776059196035,1.219358840957284,5.264130726634568,6.648508210060377,-1.456104474070355,True,3,False,10,17,0.5882352941176471,0.819325390977991,-1.3340872835010653,70.57838
2021,CLE,17,-36.25322618398541,31.303149712098485,-66.84587858756144,-0.7104973085224628,-2.132542716705024,1.841361747770499,-3.932110505150673,False,0,False,8,17,0.47058823529411764,0.3183834325202211,0.10647094699379554,72.22988
2021,DAL,17,110.24082517080848,136.06680085881024,-24.379199025979897,-1.4467766620218754,6.484754421812263,8.003929462282954,-1.434070530939994,True,0,False,12,17,0.7058823529411765,0.8471559555487059,0.35331530670434586,71.62766
2021,DEN,17,19.661913530156234,48.32828174381616,-27.18540955725204,-1.4809586564078927,1.1565831488327196,2.8428401025774215,-1.5991417386618847,False,0,False,7,17,0.4117647058823529,0.6385560866946518,-1.105552287512387,72.77109
2021,DET,17,-131.3101594044274,14.183436530119828,-146.75112734649304,1.2575314119458199,-7.724127023789847,0.8343197958894016,-8.63241925567606,False,0,False,3,17,0.17647058823529413,0.08803870100776706,0.1183923465419426,71.05114
2021,GB,17,69.00530127258499,135.78479909756504,-66.88715921379452,0.10766138881444931,4.059135368975587,7.987341123386179,-3.9345387772820306,True,0,False,13,17,0.7647058823529411,0.6694117934374174,-0.2997305363901886,70.265434
2021,HOU,17,-177.63930055203232,-53.46144266187266,-124.55734258088546,0.3794846907258034,-10.449370620707784,-3.1447907448160386,-7.326902504757968,False,0,False,4,17,0.23529411764705882,-0.3000269775061246,-0.049766470331929144,70.83784
2021,IND,17,37.93308982293075,93.7057347707296,-57.36448803502502,1.5918430872261524,2.2313582248782793,5.512102045337036,-3.374381649119119,False,0,False,9,17,0.5294117647058824,0.6195820994728404,-0.32683653452438566,68.537575
2021,JAX,17,-142.56808715192867,-36.2875086330018,-105.89997577125928,-0.38060274766758084,-8.38635806776051,-2.134559331353047,-6.22941033948584,False,0,False,3,17,0.17647058823529413,-0.2549041154025593,-0.027536745115106117,74.57143
2021,KC,17,69.76137535238959,157.89058676285947,-87.78891066979574,-0.34030074067413807,4.1036103148464464,9.287681574285852,-5.164053568811514,True,2,False,12,17,0.7058823529411765,0.6422245658895843,1.2947858561341632,71.16149
2021,LA,17,104.7119330490781,145.18113842465334,-40.3654211431749,-0.10378423240035772,6.159525473475182,8.540066966156079,-2.3744365378338177,True,4,True,12,17,0.7058823529411765,0.7817350200892001,0.16534369951218056,72.15976
2021,LAC,17,34.87860344460835,160.59724799833035,-125.49549546364798,-0.22314909007400274,2.051682555565197,9.446896941078256,-7.3820879684498815,False,0,False,9,17,0.5294117647058824,0.5610134453967496,0.14434071862308095,71.42603
2021,LV,17,-50.05073539175799,57.2139014081438,-106.78692038471257,-0.4777164151892066,-2.9441609053975286,3.3655236122437526,-6.281583552041916,True,0,False,10,17,0.5882352941176471,0.34850225383127964,0.4914948336180783,72.37912
2021,MIA,17,-34.24184998467722,-19.899832765665202,-14.094184244593023,-0.24783297441899776,-2.0142264696868954,-1.170578397980306,-0.8290696614466484,False,0,False,9,17,0.5294117647058824,-0.5824793015320768,-0.744783340108205,72.316666
2021,MIN,17,-19.693015341955963,61.6910331006988,-78.69679608225869,-2.687252360396087,-1.1584126671738801,3.628884300041106,-4.6292232989563935,False,0,False,8,17,0.47058823529411764,0.4389014362223715,0.28552059153624043,71.52062
2021,NE,17,123.3399819633862,117.01565989371953,4.58581548616975,1.7385065834969282,7.255293056669776,6.8832741113952665,0.26975385212763237,True,0,False,10,17,0.5882352941176471,0.960944749405942,-0.3839866939297598,68.57397
2021,NO,17,25.676243086702048,6.620157073747656,15.388726675743737,3.667359337210655,1.510367240394238,0.3894210043380974,0.9052192162202198,False,0,False,9,17,0.5294117647058824,0.2984891912740861,0.37192360184473,69.03226
2021,NYG,17,-100.12738040895782,-42.25049980901996,-56.03134133835089,-1.8455392615869641,-5.889845906409284,-2.485323518177645,-3.295961255197111,False,0,False,4,17,0.23529411764705882,-0.4291489048516211,0.428672595509333,73.57377
2021,NYJ,17,-159.65099224836567,-4.279011950145575,-156.3750598709126,1.0030795726925135,-9.391234838139157,-0.2517065853026809,-9.198532933583094,False,0,False,4,17,0.23529411764705882,-0.026606787788003794,0.8084806889793997,72.33517
2021,PHI,17,42.44353281771049,115.783345173088,-73.88487658862098,0.5450642332434654,2.4966784010417937,6.810785010181647,-4.346169211095352,True,0,False,9,17,0.5294117647058824,0.6099053399184436,-0.9204641899086805,71.69879
2021,PIT,17,-36.779323849485394,-0.1817152180776258,-37.975312217535375,1.377703586127609,-2.1634896382050233,-0.010689130475154459,-2.2338418951491397,True,0,False,9,17,0.5294117647058824,-0.004741176924897084,0.6868473406943014,70.73404
2021,SEA,17,-9.324842708820107,49.52667068049914,-58.22982811444258,-0.6216852748766541,-0.5485201593423592,2.9133335694411255,-3.425284006731917,False,0,False,7,17,0.4117647058823529,0.4588925911012722,0.15207080992642286,70.46739
2021,SF,17,69.34200660226493,105.20648788004459,-35.019638743267386,-0.8448425345122814,4.078941564839114,6.18861693412027,-2.059978749603964,True,2,False,10,17,0.5882352941176471,0.749354632569868,0.18567950987261211,73.25989
2021,TB,17,132.76129650255203,159.64088195704966,-25.889393843967632,-0.9901916105300188,7.809488029561884,9.390640115120569,-1.52290552023339,True,1,False,13,17,0.7647058823529411,0.8596696007501305,-0.13738591067032863,70.117645
2021,TEN,17,48.279914420330925,75.73700487207273,-28.766957798866763,1.309867347124964,2.8399949659018193,4.455117933651337,-1.692173988168633,True,0,False,12,17,0.7058823529411765,0.7235515207364888,-0.46809679618392486,70.94915
2021,WAS,17,-71.56508348024893,27.456151260805672,-99.2055433812478,0.18430864019319415,-4.2097107929558195,1.615067721223863,-5.835620198896929,False,0,False,7,17,0.4117647058823529,0.21647705124726815,1.1056898312587453,73.023254
2022,ARI,17,-90.80488853577815,-3.8229510743763373,-86.51223035423038,-0.4697071071714163,-5.341464031516361,-0.22487947496331395,-5.088954726719434,False,0,False,4,17,0.23529411764705882,-0.04224013491859579,0.3538982997787705,73.53552
2022,ATL,17,-24.695522681840913,58.42985391603115,-80.92846857419802,-2.196908023674041,-1.4526778048141713,3.4370502303547736,-4.760498151423413,False,0,False,7,17,0.4117647058823529,0.4187669777232708,-0.8111839810255702,72.439026
2022,BAL,17,11.97644993230156,22.5543610684297,-10.567369875885674,-0.010541260242462158,0.7044970548412682,1.3267271216723353,-0.6216099926991573,True,0,False,10,17,0.5882352941176471,0.6774763711191442,0.4944996115972047,70.50292
2022,BUF,16,130.71568433992525,128.22363659134686,3.841231028599332,-1.3491832800209522,8.169730271245328,8.013977286959179,0.24007693928745824,True,1,False,13,16,0.8125,0.9697391942936175,-0.0462678466730288,70.506096
2022,CAR,17,-19.197562709340016,16.347494302897204,-33.72142826114184,-1.8236287510953844,-1.1292683946670596,0.9616173119351297,-1.9836134271259904,False,0,False,7,17,0.4117647058823529,0.3253950018943822,-0.45169478952255937,72.23913
2022,CHI,17,-98.1441162808437,23.34054395896718,-122.09241763308161,0.607757393270731,-5.773183310637865,1.3729731740568931,-7.181906919593036,False,0,False,3,17,0.17647058823529413,0.16030267313080385,0.7197364057013944,70.57386
2022,CIN,16,85.498129505407,98.998979010021,-14.559078876519338,1.0582293719053268,5.343633094087937,6.187436188126313,-0.9099424297824587,True,2,False,12,16,0.75,0.870565157811568,0.4746709259357992,69.843376
2022,CLE,17,-32.8765087183917,30.96684570412122,-62.63827272589084,-1.2050816966220737,-1.9339122775524529,1.821579159065954,-3.684604277993579,False,0,False,7,17,0.4117647058823529,0.33022454380831257,0.27642743762152433,71.674286
2022,DAL,17,124.29850646821777,113.67653679255959,12.443232766831201,-1.821263091173023,7.311676851071633,6.686855105444682,0.7319548686371294,True,1,False,12,17,0.7058823529411765,0.9001246671774191,-0.08298650350001052,71.564514
2022,DEN,17,-31.50684383353564,-40.80838940600489,11.058177261615413,-1.756631689146161,-1.8533437549138612,-2.400493494470876,0.6504810153891419,False,0,False,5,17,0.29411764705882354,-0.7842252481157229,-0.5794021391731354,74.16495
2022,DET,17,3.3950597374807314,127.79651227512028,-124.6317020338164,0.23024949617683887,0.19970939632239595,7.517441898536487,-7.331276590224494,False,0,False,9,17,0.5294117647058824,0.505928011505341,0.4920660106466785,70.4
2022,GB,17,-6.939552525123607,42.459815580239635,-48.77583820363521,-0.623529901728034,-0.4082089720660945,2.4976362106023315,-2.8691669531550126,False,0,False,8,17,0.47058823529411764,0.464520670467871,0.059610369615845024,70.276474
2022,HOU,17,-92.31327488990274,-52.04493155148256,-41.11557819475748,0.8472348563373089,-5.430192640582514,-3.0614665618519155,-2.4185634232210282,False,0,False,3,17,0.17647058823529413,-0.5576411367835614,-0.9236837213039867,71.68421
2022,IND,17,-120.66234116640176,-63.84627584908069,-57.743293507325895,0.9272281900048256,-7.0977847744942215,-3.7556632852400407,-3.396664323960347,False,0,False,4,17,0.23529411764705882,-0.5243635156280332,-0.6258943098117437,70.64737
2022,JAX,17,8.229298911211957,66.1526907008413,-57.08559583729435,-0.837795952335,0.48407640654187983,3.891334747108312,-3.357976225723197,True,1,False,9,17,0.5294117647058824,0.5360473964639222,-0.8082231994734471,70.5977
2022,KC,17,111.24431457069568,178.46269262193147,-65.18749552411538,-2.0308825271204114,6.543783210040922,10.49780544834891,-3.834558560242081,True,3,True,14,17,0.8235294117647058,0.7319438721580895,-0.32191246377418126,71.60919
2022,LA,17,-47.66605522093045,10.366439496863055,-57.71784186135415,-0.31465285643935204,-2.8038856012312032,0.6097905586390032,-3.3951671683149502,False,0,False,5,17,0.29411764705882354,0.15187969590445374,0.8420549513650459,73.64286
2022,LAC,17,-24.64965426591686,43.7309035334585,-68.56557735580833,0.18501955643296242,-1.4499796627009918,2.572406090203441,-4.0332692562240195,True,0,False,10,17,0.5882352941176471,0.3888349949930009,-0.7404470943270895,70.83889
2022,LV,17,-7.3234514844948775,89.32665685043145,-95.3013954035392,-1.3487129313871264,-0.4307912637938163,5.254509226495967,-5.605964435502306,False,0,False,6,17,0.35294117647058826,0.4833744498977106,-0.7925245236143674,73.40351
2022,MIA,17,17.162981148555218,77.37989720702423,-59.318800876173576,-0.8981151822954416,1.009587126385601,4.551758659236719,-3.4893412280102103,True,0,False,9,17,0.5294117647058824,0.565358612237165,0.6093178656849075,73.619316
2022,MIN,17,-19.984281946147895,66.38883166184101,-87.12546567106735,0.7523520630784333,-1.175545996832229,3.9052253918730004,-5.125027392415726,True,0,False,13,17,0.7647058823529411,0.4319818798275183,-0.22968787262053283,70.22798
2022,NE,17,-15.731397026922389,-27.203638625287326,10.543473757055635,0.928767841309309,-0.925376295701317,-1.6002140367816073,0.6202043386503314,False,0,False,8,17,0.47058823529411764,-0.71745016738024,0.023748835088726182,69.52973
2022,NO,17,0.845180161286005,7.239553105095034,-5.6174824075044665,-0.7768905363045633,0.04971648007564736,0.42585606500559026,-0.3304401416179098,False,0,False,7,17,0.4117647058823529,0.5557329676497064,-0.07829248479153342,72.44444
2022,NYG,17,-1.9937924180308721,56.47383128395915,-57.450246722177035,-1.0173769798129797,-0.11728190694299248,3.3219900755270086,-3.37942627777512,True,1,False,9,17,0.5294117647058824,0.4949760081405968,0.3552899157989615,72.91428
2022,NYJ,17,2.258222680754823,-38.81726067476529,41.25410864487087,-0.17862528935074806,0.13283662827969547,-2.2833682749861937,2.426712273227698,False,0,False,7,17,0.4117647058823529,-0.4837562095948203,0.7514286636926112,72.99468
2022,PHI,17,117.39822489117326,137.00129194618907,-17.86073249452468,-1.7423345604911447,6.905777934774897,8.058899526246416,-1.050631323207334,True,2,False,14,17,0.8235294117647058,0.8836967229217867,-0.5598533711027023,71.58659
2022,PIT,17,-23.810961397516923,10.453637596944095,-32.16558463027807,-2.099014364182949,-1.4006447880892308,0.6149198586437703,-1.8920932135457686,False,0,False,9,17,0.5294117647058824,0.24430538936726864,0.6771323794605987,73.350876
2022,SEA,17,20.190965941336124,74.61574345082332,-53.616706965333734,-0.8080705441534519,1.187703878902125,4.389161379460195,-3.1539239391372784,True,0,False,9,17,0.5294117647058824,0.581108407269417,-0.33430195891745323,71.10497
2022,SF,17,89.2530296835191,73.56630713906138,13.35880609924714,2.327916445210576,5.250178216677594,4.327429831709493,0.7858121234851259,True,2,False,13,17,0.7647058823529411,0.8446663010560673,-0.9524499433254294,68.213486
2022,TB,17,-21.882658316166918,-4.741196126904676,-15.774393717875212,-1.3670684713870287,-1.2872151950686421,-0.27889388981792207,-0.9279055128161889,True,0,False,8,17,0.47058823529411764,-0.22920284905973515,0.5157234336367633,73.02151
2022,TEN,17,-48.52463681806101,-25.673867752837307,-20.589315514914766,-2.261453550308943,-2.8543904010624126,-1.5102275148727828,-1.211136206759692,False,0,False,7,17,0.4117647058823529,-0.5529206904637929,0.15140071737349062,72.75135
2022,WAS,17,-12.638385226670614,-24.44632608397425,11.61506501473983,0.19287584256380796,-0.7434344250982714,-1.4380191814102499,0.6832391185141077,False,0,False,8,17,0.47058823529411764,-0.6747277800449097,0.45642188520022464,73.81771
2023,ARI,17,-79.29910592705728,36.20233856436166,-113.96424480187794,-1.537199689541012,-4.664653289826899,2.1295493273153916,-6.70377910599282,False,0,False,4,17,0.23529411764705882,0.24080857602149988,0.9486074215931711,73.62921
2023,ATL,17,-23.829226160991574,-15.816639440454537,-7.62812869182566,-0.3844580287113786,-1.4017191859406808,-0.9303905553208551,-0.44871345246033295,False,0,False,7,17,0.4117647058823529,-0.6697774609454661,-1.6484907614388173,73.084656
2023,BAL,17,136.91338151179707,91.47721235468468,44.23247468269468,1.2036944744177163,8.053728324223357,5.38101249145204,2.601910275452628,True,1,False,13,17,0.7647058823529411,0.6732221301740272,0.9222366604262088,68.276596
2023,BUF,17,102.05040685953897,111.48993608874248,-8.44947006391949,-0.9900591652840376,6.002965109384645,6.55823153463191,-0.4970276508187935,True,1,False,11,17,0.6470588235294118,0.9282365108610734,-0.7174180017126337,70.889534
2023,CAR,17,-128.08845663716792,-75.11054883268653,-52.115958711772855,-0.861949092708528,-7.5346150963039955,-4.418267578393325,-3.0656446301042855,False,0,False,2,17,0.11764705882352941,-0.589580909872856,0.4432998097934772,74.698326
2023,CHI,17,-2.705173194603141,29.775023144166592,-30.748058688518345,-1.7321376502513885,-0.15912783497665536,1.7514719496568585,-1.8087093346187262,False,0,False,7,17,0.4117647058823529,0.4905834774752187,-0.6719112522937847,70.32222
2023,CIN,17,-32.39468300686141,25.513139635562606,-58.030747381918935,0.12292473949491978,-1.9055695886389066,1.5007729197389768,-3.413573375406996,False,0,False,9,17,0.5294117647058824,0.30476591811146975,1.8816260217863776,71.611115
2023,CLE,17,45.27929185144861,-22.247666179233278,65.55879757277279,1.9681604579091072,2.6634877559675654,-1.3086862458372517,3.8563998572219287,True,0,False,11,17,0.6470588235294118,-0.252882023559693,0.40058896002062133,70.8186
2023,DAL,17,144.35796919528175,178.3786317826087,-32.11902452931274,-1.901638058014214,8.49164524678128,10.492860693094629,-1.88935438407722,True,0,False,12,17,0.7058823529411765,0.8467300339568758,-1.3636345295087295,71.31481
2023,DEN,17,-50.69942209488886,21.159213040083085,-72.06648457606812,0.20784944109618664,-2.982318946758168,1.2446595905931226,-4.2392049750628304,False,0,False,8,17,0.47058823529411764,0.22655447285211947,0.028919169787107703,70.005585
2023,DET,17,43.865409954835314,121.35737466203172,-78.28880489808385,0.7968401908874512,2.5803182326373713,7.138669097766572,-4.605223817534345,True,2,False,12,17,0.7058823529411765,0.6073450855140627,0.5222517643414154,70.03825
2023,GB,17,14.944993676398807,66.60961486874614,-52.84392246169977,1.179301269352436,0.8791172750822828,3.918212639338008,-3.10846602715881,True,1,False,9,17,0.5294117647058824,0.5568269953825637,-0.6747940227348429,69.375
2023,HOU,17,30.347862747166822,35.823535440311275,-4.176252759214406,-1.2994199339300394,1.7851683968921659,2.1072667906065456,-0.2456619270126121,True,1,False,10,17,0.5882352941176471,0.8918029455961701,-1.1690765770335594,72.776596
2023,IND,17,-31.441523830109563,27.705830684546513,-58.38019042400778,-0.7671640906482935,-1.8495014017711509,1.6297547461497948,-3.4341288484710457,False,0,False,9,17,0.5294117647058824,0.32120459915115235,-0.37238752398596303,72.289474
2023,JAX,17,-5.099529830476937,16.86921092111045,-23.55441935695016,1.585678605362773,-0.2999723429692316,0.992306524771203,-1.3855540798205976,False,0,False,9,17,0.5294117647058824,0.4155630034948525,0.9952615248684717,69.451614
2023,KC,17,77.73501348075408,45.269903364189986,32.12339137207753,0.34171874448657036,4.572647851809063,2.662935492011176,1.889611257181031,True,4,True,11,17,0.6470588235294118,0.5836511138176602,-0.48435343999494385,72.01755
2023,LA,17,43.29165796114654,85.20024394408446,-41.0032093097275,-0.9053766732104123,2.5465681153615614,5.01177905553438,-2.4119534888075003,True,0,False,10,17,0.5882352941176471,0.6741941582696638,0.5555189233881035,71.37222
2023,LAC,17,-48.28031854488632,12.889518395382252,-60.40251333827763,-0.7673236019909382,-2.8400187379344892,0.7582069644342502,-3.553089019898684,False,0,False,5,17,0.29411764705882354,0.1754582345627714,1.0003344622685113,72.87027
2023,LV,17,-41.556983575025306,-15.268942304996814,-27.145572454824737,0.8575311847962439,-2.444528445589724,-0.8981730767645185,-1.5967983796955727,False,0,False,8,17,0.47058823529411764,-0.35855621206709276,-0.6037031103383105,70.67816
2023,MIA,17,97.78520873749768,142.71646950669034,-45.89530284230836,0.9640420731157064,5.752071102205746,8.39508644157002,-2.699723696606374,True,0,False,11,17,0.6470588235294118,0.7559864902785849,-0.751303163297849,71.27528
2023,MIN,17,3.8949516736836483,33.36790210894523,-26.998583034630265,-2.4743674006313086,0.22911480433433226,1.9628177711144252,-1.588151943213545,False,0,False,7,17,0.4117647058823529,0.5512031633453109,0.2695133815803019,73.66857
2023,NE,17,-62.694062935726166,-104.82297341700962,42.57624197872914,-0.44733149744570255,-3.6878860550427155,-6.166057259824095,2.504484822278185,False,0,False,4,17,0.23529411764705882,-0.7103308988660281,-0.06646083337970055,73.86935
2023,NO,17,35.270343844169844,23.91110505656797,9.468698616187263,1.8905401714146137,2.0747261084805793,1.4065355915628217,0.5569822715404272,False,0,False,9,17,0.5294117647058824,0.7127047684033229,-1.4937544704884127,68.80108
2023,NYG,17,-147.8223744747736,-96.16364901825973,-51.610835923992504,-0.04788953252136707,-8.695433792633741,-5.65668523636822,-3.0359315249407355,False,0,False,6,17,0.35294117647058826,-0.6499982007155973,0.22596485274946074,71.06154
2023,NYJ,17,-84.36619646740645,-122.98320155783635,37.499863642468554,1.1171414479613304,-4.962717439259203,-7.234305973990374,2.2058743319099148,False,0,False,7,17,0.4117647058823529,-0.765520417581195,0.24862831195055027,69.91089
2023,PHI,17,-4.2774201794858495,108.10969597906752,-111.0233984861383,-1.3637176724150777,-0.25161295173446174,6.359393881121619,-6.53078814624343,True,0,False,11,17,0.6470588235294118,0.4929693137377046,0.008405779186106051,71.375725
2023,PIT,17,-14.537490321860108,-32.34008047965983,18.65153103690624,-0.8489408791065216,-0.8551464895211829,-1.9023576752741078,1.0971488845238964,True,0,False,10,17,0.5882352941176471,-0.6321161417909629,0.8079431789828174,72.524864
2023,SEA,17,-47.42104745896229,41.400853355252536,-88.74761798735905,-0.0742828268557787,-2.789473379938958,2.4353443150148553,-5.220448116903474,False,0,False,9,17,0.5294117647058824,0.31768983267466605,0.3467417626353581,71.48538
2023,SF,17,159.21316986297512,175.1786160275607,-15.426056092824721,-0.5393900717608631,9.365480580175007,10.304624472209454,-0.9074150642838071,True,2,False,12,17,0.7058823529411765,0.918248811965023,0.09363752230237701,70.41916
2023,TB,17,10.676585694291228,25.0915404306864,-13.738513120947768,-0.676441615447402,0.6280344526053664,1.4759729665109647,-0.8081478306439864,True,1,False,9,17,0.5294117647058824,0.6433719481299283,0.16674158925535862,71.72317
2023,TEN,17,-45.00111063949065,4.153833740343124,-47.730521653798654,-1.424422726035118,-2.6471241552641556,0.24434316119665436,-2.807677744341097,False,0,False,6,17,0.35294117647058826,0.07979800554423154,-0.0865197187259683,73.60465
2023,WAS,17,-104.39547854907005,18.799282146625085,-121.71949132405148,-1.4752693716436625,-6.140910502886474,1.1058401262720639,-7.159970077885381,False,0,False,4,17,0.23529411764705882,0.13362318600739936,-0.24966997303274963,72.62371
2024,ARI,17,21.408296648560082,99.57481483408472,-77.16113890358656,-1.005379281938076,1.2593115675623578,5.857342049063807,-4.538890523740386,False,0,False,8,17,0.47058823529411764,0.5628686470424921,0.8127579203798618,71.82424
2024,ATL,17,-27.37068864508845,85.19283878310333,-111.39784782996463,-1.1656795982271433,-1.6100405085346148,5.011343457829607,-6.552814578233214,False,0,False,8,17,0.47058823529411764,0.43297693380505414,-0.07572606580547922,72.018295
2024,BAL,17,134.89538901179404,187.68652703319486,-52.29303024908031,-0.49810777232050896,7.935022883046708,11.04038394312911,-3.076060602887077,True,1,False,12,17,0.7058823529411765,0.7815401750359484,0.7465161120691444,71.89773
2024,BUF,17,94.19483623628038,174.60316429647133,-82.10793416587617,1.699606105685234,5.540872719781198,10.270774370380666,-4.829878480345657,True,2,False,13,17,0.7647058823529411,0.6797042107870925,-0.12928172604154817,66.94012
2024,CAR,17,-139.55712904977,44.906362829590186,-184.71108258138727,0.24759070202708244,-8.209242885280588,2.641550754681776,-10.865357798905134,False,0,False,5,17,0.29411764705882354,0.19542565847875043,-0.1960780074204456,70.06704
2024,CHI,17,-63.76272719708092,-13.252096893631117,-51.25731427168088,0.746683968231082,-3.750748658651819,-0.7795351113900657,-3.015136133628287,False,0,False,5,17,0.29411764705882354,-0.20488895391704348,0.7826346732376375,70.42857
2024,CIN,17,14.118982516655079,124.2416246667196,-110.83455968080979,0.7119175307452679,0.8305283833326517,7.308330862748212,-6.5196799812241055,False,0,False,9,17,0.5294117647058824,0.5281344945564658,-0.497900745296678,68.68604
2024,CLE,17,-113.80074121602686,-99.10724308903684,-17.503853967240868,2.8103558402508497,-6.69416124800158,-5.829837828766873,-1.0296384686612274,False,0,False,3,17,0.17647058823529413,-0.8486582639421199,0.45469086312882806,70.898476
2024,DAL,17,-106.72696830376991,12.81280442189149,-119.34141534287214,-0.1983573827892542,-6.278056959045289,0.7536943777583229,-7.020083255463067,False,0,False,7,17,0.4117647058823529,0.09682886809889499,0.36481088525772226,70.309784
2024,DEN,17,48.48013031203918,39.758931178937594,6.734089471999287,1.987109661102295,2.8517723712964225,2.3387606575845643,0.3961229101176051,True,0,False,10,17,0.5882352941176471,0.8520436659331297,0.1946360204480471,68.43407
2024,DET,17,176.24521892980445,220.83937102559617,-44.72956753807962,0.1354154422879219,10.367365819400263,12.990551236799774,-2.6311510316517426,True,0,False,15,17,0.8823529411764706,0.8310388090628995,0.8420992011082429,69.353935
2024,GB,17,94.7425772781052,110.04284044166404,-17.097631186172066,1.7973680226132274,5.573092781065012,6.473108261274355,-1.005743010951298,True,0,False,11,17,0.6470588235294118,0.8643659789695058,1.023193654841457,67.97727
2024,HOU,17,-52.25030892838052,-3.5819711231866176,-49.47185708954657,0.8035192843526602,-3.0735475840223834,-0.21070418371685987,-2.910109240561563,True,1,False,10,17,0.5882352941176471,-0.06730014062253555,-0.3605828594629309,68.47059
2024,IND,17,-10.70191548636741,38.6740993717672,-48.77360842528246,-0.602406432852149,-0.6295244403745536,2.274947021868659,-2.869035789722498,False,0,False,8,17,0.47058823529411764,0.44139592719486176,-0.9874549456290367,71.46524
2024,JAX,17,-99.31072913340746,22.3007802295066,-121.73977907814869,0.12826971523463726,-5.841807596082792,1.3118106017356823,-7.161163475185217,False,0,False,4,17,0.23529411764705882,0.15464041146897337,-0.6459671298538003,73.10651
2024,KC,17,49.5486901241704,85.61317415025246,-35.36653797680905,-0.6979460492730141,2.914628830833553,5.036069067661909,-2.0803845868711206,True,2,False,15,17,0.8823529411764706,0.706672534726798,0.31622425117117847,70.75309
2024,LA,17,-45.11004503717321,58.50338968384473,-103.05895958864198,-0.5544751323759556,-2.6535320610101887,3.4413758637555723,-6.062291740508352,True,1,False,10,17,0.5882352941176471,0.3617296721837522,0.9674266445153776,70.87195
2024,LAC,17,86.851622914216,78.94692807411244,8.410519324034619,-0.5058244839310646,5.108918994953882,4.6439369455360255,0.4947364308255658,True,0,False,11,17,0.6470588235294118,0.9019676732373636,-0.4008853092435808,70.906975
2024,LV,17,-76.98892088473215,-12.707194700682823,-66.16102301583595,1.8792968317866325,-4.528760052043068,-0.7474820412166366,-3.8918248832844675,False,0,False,4,17,0.23529411764705882,-0.16077278901023415,0.2279904868947204,70.84153
2024,MIA,17,10.074897252119179,28.3949144151534,-19.111830074663903,0.7918129116296768,0.5926410148305399,1.6702890832443178,-1.1242252985096413,False,0,False,8,17,0.47058823529411764,0.5955715877626235,-1.4987462166732375,69.706215
2024,MIN,17,78.99124850966174,75.86038716287122,3.193158473068806,-0.06229712627828121,4.646544029980102,4.462375715463013,0.18783285135698857,True,0,False,14,17,0.8235294117647058,0.9575484984158157,0.1836378036772378,69.01695
2024,NE,17,-78.6306868635796,-10.750358536167369,-68.70077075808726,0.8204424306750298,-4.625334521387035,-0.632374031539257,-4.041221809299251,False,0,False,4,17,0.23529411764705882,-0.13501891560012202,-0.6858135593602567,70.64571
2024,NO,17,-80.87667700424721,11.13954896813584,-93.88492411298934,1.8686981406062841,-4.7574515884851305,0.6552675863609317,-5.5226425948817255,False,0,False,5,17,0.29411764705882354,0.10589481216893501,-0.5434304939112756,68.68926
2024,NYG,17,-104.73035510069093,-40.88875685578932,-64.68575018137308,0.8441519364714622,-6.160609123570055,-2.4052209915170186,-3.8050441283160636,False,0,False,3,17,0.17647058823529413,-0.3866749961907672,0.37132740085743937,69.72414
2024,NYJ,17,-41.62521707002191,39.614246210673215,-80.13994566704575,-1.0995176136493683,-2.448542180589524,2.3302497770984245,-4.7141144510026916,False,0,False,5,17,0.29411764705882354,0.3303273975868521,-0.46338499394326366,71.12426
2024,PHI,17,142.51199538443439,131.73240268696873,10.787097305947764,-0.007504608482122421,8.383058552025553,7.748964863939337,0.6345351356439861,True,4,True,14,17,0.8235294117647058,0.9232102060313359,-1.0957681211408823,68.75
2024,PIT,17,5.009888100672187,21.383770052994354,-16.32892903447811,-0.04495291784405708,0.2946993000395404,1.2578688266467266,-0.9605252373222418,True,0,False,10,17,0.5882352941176471,0.5644732442009607,0.3609456529316837,67.61702
2024,SEA,17,31.799738118143935,40.98723839993655,-8.711556863572929,-0.47594341821968555,1.870572830479055,2.4110140235256794,-0.5124445213866429,False,0,False,10,17,0.5882352941176471,0.8219015154338041,0.42735367767817706,72.26553
2024,SF,17,-27.665182851650243,78.3288288520828,-105.60437446445567,-0.3896372392773628,-1.6273636971558967,4.607578167769576,-6.212022027320922,False,0,False,6,17,0.35294117647058826,0.4254615207178544,1.1539667031637966,70.54706
2024,TB,17,114.20746878506382,180.10863807811512,-65.16919235927398,-0.7319769337773323,6.718086399121401,10.59462576930089,-3.8334819034867045,True,0,False,10,17,0.5882352941176471,0.7337960077184661,0.01622331700473827,70.56
2024,TEN,17,-86.55087235498874,-11.605358589493077,-74.53019471110817,-0.4153190543875098,-5.091227785587573,-0.6826681523231222,-4.384129100653421,False,0,False,3,17,0.17647058823529413,-0.13446827168898098,0.08724845579881775,70.862434
2024,WAS,17,63.60344307138814,150.61441878135156,-89.21932029801964,2.2083445880562067,3.7413790041993025,8.85967169302068,-5.248195311648214,True,2,False,12,17,0.7058823529411765,0.627550301337356,-1.104118958256243,68.32353
2025,ARI,17,-104.28853973855601,48.36231262819731,-153.50557645543702,0.8547240886837244,-6.134619984620942,2.844841919305724,-9.029739791496295,False,0,False,3,17,0.17647058823529413,0.2393724902173055,1.5316888338403687,70.56805
2025,ATL,17,-22.54609567606803,29.444588663741996,-51.87388643812003,-0.11679790169000626,-1.326240922121649,1.7320346272789409,-3.051405084595296,False,0,False,8,17,0.47058823529411764,0.3613343927093462,-0.09314913421864368,69.91428
2025,BAL,17,34.925625560423235,99.96343259498795,-65.91939220787357,0.8815851733088493,2.0544485623778375,5.880201917352232,-3.877611306345504,False,0,False,8,17,0.47058823529411764,0.601997784221165,0.3259114558320934,68.871346
2025,BUF,17,104.4567365660661,162.72390860526644,-59.42203447659758,1.1548624373972416,6.144513915650947,9.571994623839203,-3.4954137927410343,True,1,False,12,17,0.7058823529411765,0.7319488937657798,-0.9648734313072095,70.562874
2025,CAR,17,-51.881929881777126,18.554405865768576,-71.21139251947973,0.7750567719340324,-3.051878228339831,1.0914356391628575,-4.188905442322337,True,0,False,8,17,0.47058823529411764,0.2063072347041282,0.18083774442815356,69.86875
2025,CHI,17,2.1732463777486153,98.57313662488494,-96.3172252139635,-0.08266503317281604,0.12783802222050678,5.79841980146382,-5.665719130233147,True,1,False,11,17,0.6470588235294118,0.5053468356955185,-0.5442351983749699,68.420456
2025,CIN,17,-38.65207863643269,102.59668519644696,-141.14816866131633,-0.10059517156332731,-2.273651684496041,6.035099129202762,-8.302833450665666,False,0,False,6,17,0.35294117647058826,0.4206249991493969,0.08396822671948687,69.86781
2025,CLE,17,-59.515872285537306,-88.01890500676433,26.97356576809845,1.5294669531285763,-3.5009336638551356,-5.177582647456725,1.5866803392999087,False,0,False,5,17,0.29411764705882354,-0.7643019849655462,-1.1043327277475359,70.37173
2025,DAL,17,-57.50855357073475,148.44145259277278,-205.85866249987467,-0.09134366363286972,-3.3828560923961617,8.731850152516046,-12.109333088227922,False,0,False,7,17,0.4117647058823529,0.4187700070398736,-1.6046413686312189,71.68786
2025,DEN,17,91.97507718025979,59.361330524462154,32.24015758528379,0.3735890705138445,5.410298657662341,3.4918429720271855,1.8964798579578699,True,1,False,14,17,0.8235294117647058,0.6468384870633704,-1.0554927214598975,70.8427
2025,DET,17,43.28952643066081,126.79386487943356,-85.38555360669137,1.881215157918632,2.5464427312153415,7.45846263996668,-5.022679623923022,False,0,False,9,17,0.5294117647058824,0.5971001276262895,0.23196252821821364,67.87363
2025,GB,17,25.38400729528945,107.7303976079638,-81.86792762125552,-0.4784626914188266,1.493176899722909,6.337082212233164,-4.815760448309148,True,0,False,9,17,0.5294117647058824,0.5676943055583027,-0.4767468248866781,70.50641
2025,HOU,17,54.31636365155201,25.5538067137416,26.973120776292312,1.789436161518097,3.195080214797177,1.5031651008083295,1.5866541633113125,True,1,False,12,17,0.7058823529411765,0.4849202397725059,1.6226425145552217,67.61081
2025,IND,17,77.94245248452002,149.82706255873728,-72.99862123338397,1.1140111591666937,4.584850146148236,8.813356621102193,-4.294036543140233,False,0,False,8,17,0.47058823529411764,0.671883240118708,0.6921577589190013,68.80357
2025,JAX,17,94.56312992498748,96.5368219224315,-2.834244209667432,0.8605522122234106,5.562537054411028,5.678636583672441,-0.166720247627496,True,0,False,13,17,0.7647058823529411,0.9698190472896828,0.03955889033960425,67.477776
2025,KC,17,35.96909248737306,62.04295499595991,-27.1594963592433,1.0856338506564498,2.115828969845474,3.6495855879976418,-1.5976174328966646,False,0,False,6,17,0.35294117647058826,0.694206705256136,0.5314675819099546,70.54269
2025,LA,17,136.49987729205054,165.35900668710684,-30.047905947733476,1.1887765526771545,8.02940454659121,9.727000393359226,-1.7675238792784398,True,2,False,12,17,0.7058823529411765,0.8454934913296591,1.3432227681171973,68.09196
2025,LAC,17,53.00206720715888,49.75952202173599,2.7002768309771916,0.5422683544456959,3.11776865924464,2.9270307071609407,0.1588398135868936,True,0,False,11,17,0.6470588235294118,0.9454628956684826,-0.43085903231318806,70.467834
2025,LV,17,-125.36663573968966,-56.66245757823017,-68.6182576362104,-0.08592052524909377,-7.374507984687627,-3.333085739895892,-4.036368096247671,False,0,False,3,17,0.17647058823529413,-0.4516710604748133,0.6402076839940317,70.76
2025,MIA,17,-70.49476918815007,32.140628578234356,-103.38409888059194,0.7487011142075062,-4.14675112871471,1.890625210484374,-6.081417581211291,False,0,False,7,17,0.4117647058823529,0.23685981894902108,-0.6405159941601108,69.53801
2025,MIN,17,28.003598938600632,17.61778239434612,10.084944279824594,0.3008722644299269,1.647270525800037,1.0363401408438893,0.5932320164602702,False,0,False,9,17,0.5294117647058824,0.6320796167628725,0.417195726851192,69.325714
2025,NE,17,109.37461349253576,136.2230397738297,-27.187568024551588,0.3391417432576418,6.433800793678574,8.013119986695864,-1.599268707326564,True,3,False,14,17,0.8235294117647058,0.8327578776435974,-2.773191150381465,69.64458
2025,NO,17,-34.961162050582104,-10.29721028764769,-25.979392091726147,1.3154403287917376,-2.0565389441518884,-0.60571825221457,-1.5281995348074204,False,0,False,6,17,0.35294117647058826,-0.2825286752510893,-0.9560982815466362,70.25
2025,NYG,17,-49.09602989430021,60.735193487945715,-112.52523740251007,2.6940140202641487,-2.8880017584882474,3.572658440467395,-6.6191316119123575,False,0,False,4,17,0.23529411764705882,0.3501991730984512,0.06708701269366651,68.82036
2025,NYJ,17,-179.5952972251723,-34.4002336686631,-149.01897749627204,3.8239139397628605,-10.564429248539547,-2.0235431569801823,-8.765822205663062,False,0,False,3,17,0.17647058823529413,-0.18737611785780917,0.06698721200181947,68.38636
2025,PHI,17,39.50429694496614,42.955031872617674,-2.3046122452775597,-1.1461226823739707,2.3237821732333024,2.526766580742216,-0.13556542619279763,True,0,False,11,17,0.6470588235294118,0.9455286896182666,0.07212453679423687,70.465515
2025,PIT,17,-18.139349248265134,58.52697863031372,-77.73776937995787,1.071441501379013,-1.0670205440155962,3.4427634488419834,-4.572809963526933,True,0,False,10,17,0.5882352941176471,0.42897413953450836,0.7311183358798349,68.934525
2025,SEA,17,150.42156494873603,98.29814776492879,52.772509310910614,-0.6490921271033585,8.848327349925649,5.782243986172282,3.104265253582977,True,3,True,14,17,0.8235294117647058,0.6499452572176894,0.5657240477007801,69.47222
2025,SF,17,54.14056018294279,122.0989753452056,-69.89961646541704,1.9412013031542301,3.1847388342907523,7.182292667365036,-4.1117421450245315,True,1,False,12,17,0.7058823529411765,0.6353742523415643,0.8188893324525016,67.82424
2025,TB,17,-22.53565441849699,55.911604599276444,-78.35639097871677,-0.09086803905665874,-1.3256267304998228,3.288917917604497,-4.609199469336281,False,0,False,8,17,0.47058823529411764,0.415891388136918,0.3508059955333853,69.64368
2025,TEN,17,-182.78433114606895,-58.921427879672066,-127.88775531127729,4.02485204488039,-10.752019479180527,-3.4659663458630625,-7.522809135957488,False,0,False,3,17,0.17647058823529413,-0.315122929056223,2.110773928433428,69.24023
2025,WAS,17,-89.06135583301968,59.21333834132935,-150.33998823893043,2.065294064581394,-5.238903284295275,3.4831375494899617,-8.843528719937083,False,0,False,5,17,0.29411764705882354,0.2823402589824398,-0.0440678717736564,69.67296
